{"acceptance_rate": 0.30092592592592593, "reward": -0.8265335615782184, "avg_rev_cost_ratio": 0.5625406717981217, "avg_node_util_1": 0.16839002371053785, "avg_node_util_2": 0.1536650944531191, "avg_node_util_3": 0.07840176282510168, "avg_link_util_1": 0.1764807851021217, "avg_link_util_2": 0.18692976262787517, "avg_link_util_3": 0.14095057687843082, "_timestamp": 1681992903.8901594, "_runtime": 177.092538356781, "_step": 0}